quantile_change,percent_housing,percent_covid,percent_equity,percent_total
0-1 Quartile Decrease,0.48654036515618126,0.485536735591729,0.5398564672239331,0.51847778266608
0-1 Quartile Increase,0.4688324901011879,0.44308183018037833,0.45252694676638805,0.46773262208534977
1-2 Quartile Decrease,0.022409810822701277,0.03450835899692037,0.003863286405631324,0.008097778266608006
1-2 Quartile Increase,0.017501649802023758,0.03109876814782226,0.003052133743950726,0.004729432468103828
2-3 Quartile Decrease,0.002392212934447866,0.003285855697316322,1.649802023757149e-4,3.712054553453586e-4
2-3 Quartile Increase,0.0016085569731632205,0.0018835239771227454,2.0622525296964364e-4,3.1621205455345357e-4
3-4 Quartile Decrease,2.4747030356357235e-4,1.649802023757149e-4,NA,5.4993400791904974e-5
3-4 Quartile Increase,3.299604047514298e-4,2.887153541575011e-4,NA,4.124505059392873e-5
No Change,1.3748350197976243e-4,1.5123185217773868e-4,3.299604047514298e-4,1.7872855257369116e-4
