quantile_change,percent_housing,percent_covid,percent_equity,percent_total
0-1 Quartile Decrease,0.42321546414430267,0.4336229652441707,0.4372250329960405,0.432853057633084
0-1 Quartile Increase,0.4476462824461065,0.43347173339199296,0.43932853057633087,0.44841619005719313
1-2 Quartile Decrease,0.019825120985481743,0.029916410030796304,0.00303838539375275,0.006145512538495381
1-2 Quartile Increase,0.017584139903211615,0.0313049934007919,0.0031346238451385833,0.004811922569291685
2-3 Quartile Decrease,0.001869775626924769,0.002887153541575011,1.2373515178178618e-4,3.0246370435547737e-4
2-3 Quartile Increase,0.001581060272767268,0.001869775626924769,1.7872855257369116e-4,3.299604047514298e-4
3-4 Quartile Decrease,2.3372195336559612e-4,1.3748350197976243e-4,NA,5.4993400791904974e-5
3-4 Quartile Increase,3.1621205455345357e-4,2.887153541575011e-4,NA,4.124505059392873e-5
No Change,0.0877282226132864,0.06650076990761108,0.11697096348438188,0.10704465464144303
